ID	STRUCTURE	FREQUENCY	BanPaw	ChaYeQing	ChuDongGua	GuangKa	HtanHsan	KhunHawt	MangBang	ManLoi	MengDan	NamHsan	NanSang	NoeLae	NyaungGone	PangKham	PongNuea	XiangZhaiTang	COGNATESETS	CONCEPTS
4-20	c	20	ʔ	ʔ	ʔ	ʔ	ʔ	ʔ	ʔ	ʔ	ʔ	ʔ	ʔ	ʔ	ʔ	ʔ	ʔ	ʔ	141:3, 239:0, 1695:0, 1940:0, 1958:2, 2050:0, 1:0, 1022:2, 1468:2, 1403:0, 383:0, 1023:0, 339:0, 339:2, 241:0, 1712:3, 459:0, 1662:0, 1713:0, 1916:0	I / bone / cloud / dog / ear / egg / left side / nail / one / right side / sit / sleep / smell / this / three / tongue / water / who?
300-4	c	4	ʔ	k	ʔ	k	ʔ	ʔ	k	k	ʔ	ʔ	k	ʔ	ʔ	k	ʔ	ʔ	88:3, 384:2, 385:2, 1662:2	bite / ear / sit
20-1	c	1	ʔ	k	ʔ	k	ʔ	t	k	k	ʔ	ʔ	k	ʔ	ʔ	k	ʔ	ʔ	204:2	burn
21-1	c	1	ʔ	ʔ	t	ʔ	ʔ	t	ʔ	t	t	t	ʔ	-	ʔ	t	ʔ	ʔ	239:2	cloud
41-1	c	1	ʔ	k	k	k	ʔ	ʔ	k	k	ʔ	ʔ	k	ʔ	ʔ	ʔ	ʔ	ʔ	702:2	full
68-1	c	1	ʔ	-	-	-	-	-	-	-	-	-	-	ʔ	ʔ	-	ʔ	-	1256:4	ashes / near
98-1	c	1	ʔ	ʔ	ʔ	ʔ	ʔ	ʔ	ʔ	ʔ	ʔ	ʔ	ʔ	ʔ	h	ʔ	ʔ	ʔ	2032:0	two
146-1	c	1	ʔ	ʔ	ʔ	ʔ	ɓ	ɓ	ʔ	ʔ	ʔ	b	ʔ	ʔ	ʔ	ʔ	Ø	ʔ	1423:0	person, human
220-1	c	1	ʔ	k	ʔ	k	Ø	Ø	k	Ø	ʔ	Ø	n	ʔ	ʔ	Ø	ʔ	ʔ	1608:2	scratch
240-1	c	1	ʔ	ʔ	t	Ø	Ø	Ø	Ø	ʔ	Ø	ʔ	Ø	-	ʔ	t	ʔ	ʔ	1555:3	rub hard with both hands
299-1	c	1	ɲ̊	Ø	Ø	ɲ	Ø	Ø	ɲ	Ø	Ø	Ø	ɲ	ɲ̊	ɲ̊	Ø	ɲ̊	Ø	1712:0	smell
223-3	c	3	ɲ	n	ŋ	n	ŋ	ŋ	n	ŋ	ŋ	ŋ	n	ɲ	n	ŋ	ɲ	n	647:2, 1500:2, 520:0	far / foot / road, path
13-2	c	2	ɲ	n	ŋ	n	ɲ	ɲ	n	ŋ	ŋ	ŋ	n	ɲ	n	ɲ	ɲ	ɲ	804:2, 756:2	hair / head
337-2	c	2	ɲ	ɣ	r	s	Ø	l	s	Ø	r	r	s	ɲ	ɲ	kʰ	ɲ	Ø	919:0, 1316:0	intestines / night
84-1	c	1	ɲ	n	ɲ	n	ɲ	ɲ	n	n	n	ɲ	n	ɲ	n	ɲ	ɲ	ɲ	1750:2	snake
172-1	c	1	ɲ	ɲ	ɲ	ɲ	Ø	Ø	ɲ	ɲ	ŋ	Ø	ɲ	ɲ	ɲ	ɲ	ɲ	ɲ	972:2	laugh
12-2	c	2	ɨ	e	i	e	i	e	ə	i	i	i	ə	i	ɨ	i	i	i	804:1, 756:1	hair / head
338-2	c	2	ɨ	Ø	Ø	a	aː	aː	ə	i	Ø	aː	a	a	a	i	a	ɨ	1957:1, 1609:2	scratch / tongue
49-1	c	1	ɨ	ɨ	u	ɨ	ou	ou	ɨ	u	u	u	ɨ	ɨ	ɨ	ɨ	ɨ	uː	755:1	hair
55-1	c	1	ɨ	ɨ	u	ɨ	u	ə	ɨ	u	u	u	ɨ	ɨ	ɨ	ɨ	ɨ	ɨ	871:1	horn
101-1	c	1	ɨ	ɛ	uː	ɛ	oː	oː	ə	oː	uː	oː	ə	ɨ	ɨ	oː	ɨ	ɨ	2050:1	water
145-1	c	1	ɨ	ɨː	ɨː	Ø	ɨː	ɨː	ɨː	ɨː	ɨː	ɨː	ɨː	ɨ	ɨ	ɨː	ɨː	ɨː	1240:1	name
147-1	c	1	ɨ	u	iː	iː	i	iː	iː	iː	iː	iː	iː	i	i	iː	Ø	u	1423:1	person, human
162-1	c	1	ɨ	i	Ø	iː	i	i	iː	a	u	Ø	i	i	i	iː	ɨ	iː	1914:1	this
236-1	c	1	ɨ	ɨ	Ø	ɨ	ə	Ø	ɨ	i	Ø	Ø	ɨ	ɨ	ɨ	i	Ø	Ø	1126:1	many
51-1	c	1	ɛ	a	a	a	iː	iː	a	a	a	iː	ai	ɛ	ɛ	a	ɛː	ɛː	787:1	hand
60-1	c	1	ɛ	a	aː	a	e	iː	a	a	ə	iː	ai	ɛ	ɛ	a	ɛː	ɛː	1103:1	louse
89-1	c	1	ɛ	a	ɔ	a	iː	iː	a	a	ə	iː	a	ɛ	ɛ	a	ɛ	ɛː	1850:1	sun
119-1	c	1	ɛ	a	ɔː	a	iː	iː	a	a	ə	iː	a	ɛ	ɛ	a	ɛː	ɛː	2203:1	you (sg.)
167-1	c	1	ɛ	a	a	ai	e	iː	Ø	a	i	i	Ø	ɛ	ɛ	a	Ø	ɛː	890:2	hunt
200-1	c	1	ɛ	a	a	a	ə	Ø	a	iː	iː	Ø	a	ɛ	a	Ø	ɛ	Ø	1314:1	night
47-1	c	1	ə̆	a	a	a	e	aː	ə	a	a	aː	a	ə̆	ə̆	a	ə	ə	736:2	grass
128-1	c	1	ə̆	u	o	o	əː	əː	o	ə	o	ə	ə	ə̆	ə̆	ə	ə	Ø	319:1	dig
132-1	c	1	ə̆	a	uː	ɨː	ə	ə	ɨː	ə	uː	ə	ɨː	ə̆	ə̆	Ø	ə	ə	630:2	fly
207-1	c	1	ə̆	Ø	a	Ø	ə	ə	Ø	Ø	i	ə	Ø	ə̆	ă	a	ə	ə	285:1	cut
288-1	c	1	ə̆	Ø	ə	Ø	ɔ	ɔ	Ø	Ø	Ø	Ø	Ø	ə̆	Ø	Ø	ə	ə	171:1	breathe
17-1	c	1	ə	eː	əː	ɛː	əː	əː	əː	əː	əː	əː	əː	ə	ə	əː	əː	əː	172:1	breathe
178-1	c	1	ə	eː	ɯ	Ø	əː	əː	Ø	ə	ə	ə	Ø	ə	ə	ə	ə	ə	1315:2	night
232-1	c	1	ə	əː	Ø	əː	Ø	Ø	əː	Ø	Ø	e	əː	ə	ə	Ø	əa	əː	458:1	egg
241-1	c	1	ə	Ø	ɨː	e	əː	Ø	e	Ø	Ø	Ø	e	ə	ə	Ø	ə	ə	1626:1	see
230-4	c	4	ɔ	a	a	ɔ	a	a	ɔ	a	a	ə	ɔ	ɔ	ɔ	a	ɔ	ɔ	1787:1, 105:1, 1588:1, 34:2	ashes / black / salty / stand
339-3	c	3	ɔ	o	ɔː	ɔ	uː	o	ɔː	ɔ	Ø	u	ɔ	ɔ	ɔ	ɔ	ɔː	o	1555:1, 1712:1, 1452:1	rain / rub hard with both hands / smell
257-2	c	2	ɔ	a	ɔ	a	a	a	a	ɔː	a	a	ai	ɔ	ɔ	ɔː	ɔː	ɔː	1730:1, 35:1	ashes / fire / smoke
124-1	c	1	ɔ	oː	ɔː	ɔː	u	Ø	ɔː	ɔː	ɔ	u	ɔː	ɔ	ɔ	ɔː	ɔː	ɔː	221:1	child
194-1	c	1	ɔ	oː	i	o	Ø	Ø	ɔː	au	Ø	Ø	ɔ	ɔ	ɔ	ɔː	ɔː	ɔ	1175:1	mountain
280-1	c	1	ɔ	a	ɔː	Ø	Ø	Ø	Ø	Ø	ɔː	Ø	ɔ	ɔ	ɔ	Ø	ɔ	Ø	919:1	intestines
5-11	c	11	ŋ	ŋ	ŋ	ŋ	ŋ	ŋ	ŋ	ŋ	ŋ	ŋ	ŋ	ŋ	k	ŋ	ŋ	ŋ	141:5, 366:3, 540:4, 1787:2, 1990:2, 1085:2, 105:2, 37:2, 1588:2, 2008:2, 1452:2	ashes / black / bone / drink / fat / long / rain / salty / stand / tooth / tree
164-6	c	6	ŋ	ŋ	ŋ	ŋ	ŋ	ŋ	ŋ	ŋ	ŋ	ŋ	ŋ	ŋ	ŋ	ŋ	ŋ	ŋ	484:0, 1730:0, 1850:0, 938:0, 1210:0, 35:0	ashes / cloud / eye / fire / kill / nail / smoke / sun
31-1	c	1	ŋ	ŋ	ŋ	ŋ	-	-	ŋ	ŋ	ŋ	-	ŋ	ŋ	k	ŋ	ŋ	ŋ	519:2	far
56-1	c	1	ŋ	ŋ	ŋ	ŋ	k	ŋ	ŋ	ŋ	ŋ	ŋ	ŋ	ŋ	k	ŋ	ŋ	ŋ	871:2	horn
157-1	c	1	ŋ	-	Ø	ŋ	ŋ	ŋ	-	ŋ	Ø	ŋ	ŋ	ŋ	-	ŋ	ŋ	ŋ	1347:2	nose
281-1	c	1	ŋ	n	n	Ø	Ø	Ø	Ø	Ø	n	Ø	-	ŋ	ŋ	Ø	ŋ	Ø	919:2	intestines
301-3	c	3	ă	a	ɔ	a	ə	ə	a	a	a	ə	a	ə̆	ă	a	ə	ə	2171:1, 106:1, 1213:1	black / nail / year
284-2	c	2	ă	a	a	a	ɨ	ə	a	a	ɛ	ɨ	a	ă	ă	a	a	a	1022:1, 2008:1	left side / tree
303-2	c	2	ă	ɔ	a	ɔ	a	a	a	a	a	a	a	a	a	a	ai	a	1258:1, 920:2	intestines / near
22-1	c	1	ă	o	a	ɔː	a	a	ɔː	a	a	a	ɔː	ă	ă	i	a	a	267:1	cold
57-1	c	1	ă	ɔ	a	ɔː	a	a	ɔː	a	a	a	aː	ă	ă	a	a	a	955:1	know
80-1	c	1	ă	a	ɔː	a	ə	ə	a	a	ɔ	ɨ	a	ă	ă	ɔ	a	a	1729:1	smoke
83-1	c	1	ă	a	ɔ	a	e	e	a	a	ɔ	a	a	a	a	a	a	a	1750:1	snake
86-1	c	1	ă	a	ɛ	a	ai	ai	a	ai	e	ɛ	a	ă	ă	a	ai	e	1769:1	spit
94-1	c	1	ă	a	a	a	a	a	aː	a	ɛ	a	a	ă	ă	a	a	a	1958:1	tongue
123-1	c	1	ă	a	ɛ	a	ai	a	a	ai	e	ɛ	a	ă	ă	Ø	ai	a	17:1	abdomen
126-1	c	1	ă	ɔː	a	ɔː	a	a	ɔ	aː	a	Ø	ɔ	ă	ă	a	a	a	302:1	die
159-1	c	1	ă	ɔ	a	ɔː	Ø	Ø	ɔː	a	ɛ	o	ɔ	ă	ă	a	a	a	1383:1	old-aged
221-1	c	1	ă	a	a	Ø	e	e	Ø	Ø	a	ɛ	Ø	ă	ă	Ø	a	ɛ	1805:1	star
316-2	c	2	Ø	h	j	h	Ø	Ø	h	h	h	ʔ	h	Ø	Ø	j	Ø	Ø	173:3, 825:3	breathe / heart
336-2	c	2	Ø	dʑ	Ø	Ø	dʑ	dʑ	Ø	dʑ	dʑ	dʑ	Ø	c	c	dʑ	Ø	Ø	558:0, 1627:0	fear / see
347-2	c	2	Ø	o	Ø	o	oː	Ø	o	ɔː	oː	ɔː	o	u	u	oː	Ø	Ø	558:1, 385:1	ear / fear
348-2	c	2	Ø	d	Ø	t	r̥	r	t	l	l	r	t	Ø	Ø	tʰ	Ø	Ø	173:1, 1177:2	breathe / mountain
350-2	c	2	Ø	Ø	m	Ø	-	m	Ø	m	m	m	Ø	-	Ø	m	Ø	Ø	828:2, 1127:4	heart / many
184-1	c	1	Ø	ʔ	h	ʔ	ʔ	ʔ	ʔ	ʔ	Ø	h	ʔ	Ø	ʔ	ʔ	ʔ	ʔ	1471:0	right side / this
185-1	c	1	Ø	-	ʔ	-	-	-	-	-	Ø	-	-	Ø	-	-	-	-	1471:2	right side / this
186-1	c	1	Ø	-	ɨ	-	-	-	-	-	Ø	-	-	Ø	-	-	-	-	1471:3	right side / this
192-1	c	1	Ø	f	f	f	f	f	f	f	f	f	f	Ø	Ø	f	Ø	f	37:0	ashes
197-1	c	1	Ø	d	d	tɕ	d	d	tɕ	t	d	d	tɕ	Ø	Ø	d̤	Ø	t	1258:0	near
198-1	c	1	Ø	ʔ	t	m	t	t	m	ʔ	t	ʔ	m	Ø	Ø	t	Ø	t	1258:2	near
208-1	c	1	Ø	b	Ø	p	pʰ	b	Ø	b	b	b	p	Ø	Ø	b	b	b	485:0	eye / heart
209-1	c	1	Ø	l	Ø	-	-	l	Ø	l	l	l	-	Ø	Ø	l	-	l	485:1	eye / heart
210-1	c	1	Ø	ɔː	Ø	o	əː	ei	Ø	eː	i	e	o	Ø	Ø	eː	e	ei	485:2	eye / heart
211-1	c	1	Ø	j	Ø	ŋ	m	-	Ø	-	-	-	ŋ	Ø	Ø	-	-	-	485:3	eye / heart
212-1	c	1	Ø	Ø	a	a	Ø	Ø	a	a	a	i	a	a	a	a	a	Ø	1023:1	left side
213-1	c	1	Ø	Ø	-	-	Ø	Ø	-	-	-	v	-	-	-	-	-	Ø	1023:2	left side
214-1	c	1	Ø	Ø	-	-	Ø	Ø	-	-	-	eː	-	-	-	-	-	Ø	1023:3	left side
215-1	c	1	Ø	-	b	p	b	p	p	b	b	b	p	Ø	Ø	b	Ø	Ø	1144:0	moon
216-1	c	1	Ø	ə	a	a	a	a	a	a	a	a	a	Ø	Ø	a	Ø	Ø	1144:2	moon
217-1	c	1	Ø	n	ŋ	-	ŋ	ŋ	-	ŋ	ŋ	ŋ	-	Ø	Ø	ŋ	Ø	Ø	1144:3	moon
233-1	c	1	Ø	ə	ə	ə	Ø	Ø	ə	a	a	Ø	a	Ø	Ø	a	a	a	826:1	heart / laugh
234-1	c	1	Ø	-	-	-	Ø	Ø	-	-	-	Ø	-	Ø	Ø	n	-	-	826:2	heart / laugh
259-1	c	1	Ø	tɕ	tɕ	tɕ	s	Ø	tɕ	s	Ø	tɕ	Ø	Ø	Ø	j	Ø	s	1589:0	salty
260-1	c	1	Ø	eː	eː	ɛː	ɔ	Ø	eː	ɛ	Ø	ɛː	Ø	Ø	Ø	ɛː	Ø	ɛ	1589:1	salty
261-1	c	1	Ø	m	m	m	ʔ	Ø	m	ʔ	Ø	m	Ø	Ø	Ø	m	Ø	ʔ	1589:2	salty
271-1	c	1	Ø	Ø	a	o	a	a	Ø	a	a	a	Ø	Ø	Ø	a	Ø	Ø	241:1	cloud / dog / nail
272-1	c	1	Ø	Ø	-	ŋ	-	-	Ø	-	-	-	Ø	Ø	Ø	-	Ø	Ø	241:2	cloud / dog / nail
275-1	c	1	Ø	kʰ	k	Ø	k	k	Ø	k	k	k	Ø	Ø	Ø	k	Ø	Ø	737:0	grass / tongue
276-1	c	1	Ø	a	a	Ø	ə	ə	Ø	a	ə	ə	Ø	Ø	Ø	a	Ø	Ø	737:1	grass / tongue
277-1	c	1	Ø	-	-	Ø	r	r	Ø	-	-	r	Ø	Ø	Ø	-	Ø	Ø	737:2	grass / tongue
278-1	c	1	Ø	-	k	Ø	-	Ø	-	Ø	-	Ø	Ø	-	-	Ø	Ø	-	891:0	hunt
279-1	c	1	Ø	ə	ɔː	Ø	u	Ø	ɛː	Ø	i	Ø	Ø	ɛ	ɛ	Ø	Ø	ɨ	891:2	hunt
282-1	c	1	Ø	ɔ	i	ɔː	e	Ø	Ø	e	iː	Ø	ɔ	Ø	Ø	Ø	Ø	e	1530:1	root
283-1	c	1	Ø	Ø	Ø	t	ɗ	ɗ	t	d	Ø	ɗ	t	Ø	Ø	Ø	Ø	d	2008:0	tree
289-1	c	1	Ø	-	Ø	-	Ø	Ø	-	-	Ø	kʰ	-	Ø	Ø	-	Ø	Ø	173:0	breathe
290-1	c	1	Ø	o	Ø	o	Ø	Ø	o	e	Ø	i	o	Ø	Ø	u	Ø	Ø	173:2	breathe
291-1	c	1	Ø	Ø	g	Ø	k	k	Ø	kʰ	g	k	Ø	Ø	Ø	g	Ø	Ø	460:0	egg
292-1	c	1	Ø	Ø	r	Ø	-	-	Ø	-	l	-	Ø	Ø	Ø	l	Ø	Ø	460:1	egg
293-1	c	1	Ø	Ø	aː	Ø	a	a	Ø	a	ɛː	a	Ø	Ø	Ø	a	Ø	Ø	460:2	egg
294-1	c	1	Ø	Ø	w	Ø	-	-	Ø	j	w	-	Ø	Ø	Ø	w	Ø	Ø	460:3	egg
296-1	c	1	Ø	Ø	ɗ	tʰ	tʰ	d	tʰ	Ø	ɗ	Ø	tʰ	Ø	Ø	Ø	Ø	Ø	1556:0	rub hard with both hands
297-1	c	1	Ø	Ø	a	i	ei	i	iː	Ø	a	Ø	iː	Ø	Ø	Ø	Ø	Ø	1556:1	rub hard with both hands
298-1	c	1	Ø	Ø	j	k	ʔ	t	-	Ø	j	Ø	-	Ø	Ø	Ø	Ø	Ø	1556:2	rub hard with both hands
308-1	c	1	Ø	ɔ	ɔː	ɔ	Ø	Ø	ɔ	Ø	ɔ	Ø	ɔ	Ø	Ø	Ø	Ø	Ø	825:1	heart
309-1	c	1	Ø	-	-	-	Ø	Ø	-	Ø	j	Ø	-	Ø	Ø	Ø	Ø	Ø	825:2	heart
310-1	c	1	Ø	Ø	Ø	ɛ	Ø	a	ə	Ø	Ø	a	ə	Ø	Ø	i	Ø	Ø	1316:1	night
311-1	c	1	Ø	Ø	Ø	Ø	k	k	Ø	k	Ø	g	k	Ø	Ø	k	Ø	Ø	1609:0	scratch
312-1	c	1	Ø	Ø	Ø	Ø	j	j	Ø	-	Ø	-	-	Ø	Ø	-	Ø	Ø	1609:3	scratch
313-1	c	1	Ø	Ø	Ø	Ø	ʔ	ʔ	Ø	ʔ	Ø	ʔ	-	Ø	Ø	h	Ø	Ø	1609:5	scratch
322-1	c	1	Ø	ʨʰ	Ø	ʨʰ	Ø	Ø	ʨʰ	Ø	Ø	ʨʰ	ʨʰ	Ø	Ø	Ø	Ø	Ø	385:0	ear
323-1	c	1	Ø	Ø	Ø	Ø	-	ŋ	-	-	Ø	j	Ø	Ø	Ø	Ø	Ø	Ø	386:2	ear
324-1	c	1	Ø	Ø	Ø	Ø	Ø	əː	Ø	əː	Ø	əː	Ø	a	Ø	əː	Ø	Ø	828:1	heart
325-1	c	1	Ø	Ø	Ø	-	Ø	k	Ø	kʰ	Ø	Ø	j	Ø	Ø	k	Ø	Ø	892:0	hunt
326-1	c	1	Ø	Ø	Ø	-	Ø	-	Ø	-	Ø	Ø	ɨ	Ø	Ø	-	Ø	Ø	892:1	hunt
327-1	c	1	Ø	Ø	Ø	t	Ø	-	Ø	r	Ø	Ø	t	Ø	Ø	-	Ø	Ø	892:2	hunt
328-1	c	1	Ø	Ø	Ø	oː	Ø	o	Ø	ɔ	Ø	Ø	oː	Ø	Ø	u	Ø	Ø	892:3	hunt
329-1	c	1	Ø	Ø	iː	ɔː	Ø	eː	ɔː	Ø	i	Ø	Ø	Ø	Ø	Ø	Ø	Ø	1000:1	leaf
330-1	c	1	Ø	eː	Ø	Ø	Ø	əː	Ø	əː	ɨː	Ø	Ø	Ø	Ø	ə	Ø	Ø	1627:1	see
331-1	c	1	Ø	-	Ø	Ø	Ø	-	Ø	-	-	Ø	Ø	Ø	Ø	ɯ	Ø	Ø	1627:3	see
332-1	c	1	Ø	Ø	Ø	Ø	kʰ	k	Ø	kʰ	Ø	kʰ	Ø	Ø	Ø	kʰ	Ø	Ø	1714:0	smell
333-1	c	1	Ø	Ø	Ø	Ø	ɨ	u	Ø	i	Ø	i	Ø	Ø	Ø	ɔː	Ø	Ø	1714:2	smell
334-1	c	1	Ø	Ø	Ø	Ø	-	ə	Ø	-	Ø	-	Ø	Ø	Ø	-	Ø	Ø	1714:3	smell
343-1	c	1	Ø	Ø	Ø	Ø	aː	aː	Ø	Ø	Ø	aː	Ø	Ø	-	Ø	Ø	Ø	520:1	far
344-1	c	1	Ø	Ø	b	Ø	p	Ø	Ø	Ø	b	b	Ø	Ø	Ø	Ø	Ø	Ø	1127:0	many
351-1	c	1	Ø	Ø	Ø	Ø	ɗ	ɗ	Ø	Ø	Ø	d	Ø	Ø	Ø	Ø	Ø	Ø	461:0	egg
352-1	c	1	Ø	Ø	Ø	Ø	ɓ	p	Ø	Ø	Ø	b	Ø	Ø	Ø	Ø	Ø	Ø	939:0	kill
353-1	c	1	Ø	Ø	Ø	Ø	Ø	Ø	Ø	ɨː	ɯː	ɨː	Ø	Ø	Ø	Ø	Ø	Ø	1916:1	this
88-1	c	1	w	w	w	w	w	w	w	w	w	-	w	w	w	w	w	w	1832:2	stone
226-3	c	3	v	v	v	v	v	v	v	v	v	v	v	v	v	v	v	v	17:0, 105:0, 920:1	abdomen / black / intestines
251-2	c	2	u	uː	uː	uː	uː	uː	u	u	uː	uː	uː	u	u	uː	u	u	239:1, 1661:1	cloud / sit
255-2	c	2	u	u	u	u	u	u	u	u	u	u	u	u	u	u	u	u	1348:1, 1713:1	nose / smell
287-2	c	2	u	a	Ø	u	ɔ	ɔ	a	ɔ	Ø	ɔ	u	o	u	ɔ	u	u	1347:1, 1024:1	left side / nose / right side
318-2	c	2	u	u	u	a	u	o	a	u	u	u	a	u	Ø	u	u	Ø	1284:1, 1177:1	mountain / new / person, human
35-1	c	1	u	oː	ɔ	oː	oː	o	oː	ɔː	o	o	o	u	u	u	au	u	664:1	four
78-1	c	1	u	uː	u	uː	uː	u	uː	u	u	u	uː	u	u	uː	uː	uː	1678:1	skin
105-1	c	1	u	ɨ	ɔ	u	ɔ	ɔː	uː	uː	ɔ	ɔ	u	u	u	uː	uː	uː	2101:2	white
115-1	c	1	u	uː	uː	uː	uː	uː	uː	uː	uː	uː	uː	u	u	uː	uː	uː	2153:1	wind
161-1	c	1	u	uː	uː	uː	uː	uː	uː	uː	Ø	u	uː	u	u	uː	Ø	uː	1403:1	one
190-3	c	3	t	t	ʔ	t	c	c	t	ʔ	ʔ	ʔ	t	c	t	ʔ	c	c	1769:2, 17:2, 920:3	abdomen / intestines / spit
247-2	c	2	t	ʔ	t	ʔ	ʔ	t	ʔ	t	t	ʔ	ʔ	ʔ	ʔ	t	ʔ	ʔ	1695:2, 1714:4	sleep / smell
252-2	c	2	t	k	t	ʔ	t	t	ʔ	ʔ	t	t	ʔ	t	t	ʔ	t	t	267:3, 1661:0	cold / sit
254-2	c	2	t	ʔ	ʔ	ʔ	r̥	r̥	ʔ	ʔ	ʔ	ʔ	ʔ	c	c	ʔ	c	ʔ	1193:3, 1661:3	mouth / sit
29-1	c	1	t	d	d	d	s	s	d	t	d	s	d	t	t	d	t	t	519:0	far
42-1	c	1	t	d	d	d	d	d	d	t	d	d	d	t	t	d	t	t	719:0	give
48-1	c	1	t	j	j	t	j	n	t	j	j	n	t	t	t	j	t	t	736:3	grass
139-1	c	1	t	d	d	d	l̥	l̥	d	t	d	r̥	d	t	t	dʱ	t	Ø	1085:0	long
149-1	c	1	t	d	d	d	dʱ	d	d	t	Ø	d	d	t	t	t	t	t	1500:0	road, path
160-1	c	1	t	ʔ	t	ʔ	Ø	Ø	ʔ	ʔ	t	n	ʔ	t	t	t	t	t	1383:2	old-aged
248-4	c	4	s	s	s	s	s	s	s	s	s	s	s	s	s	s	s	s	68:0, 1588:0, 338:0, 1957:0	bird / dog / salty / tongue
154-3	c	3	s	kʰ	s	s	s	s	s	s	k	s	s	s	s	s	s	s	1881:0, 1849:0, 1804:0	star / sun / tail
191-3	c	3	s	s	s	s	s	s	s	s	s	s	ʨʰ	s	s	s	s	s	2068:0, 2120:0, 1177:0	mountain / what? / who?
59-1	c	1	s	s	s	s	s	s	s	s	k	s	s	s	s	s	s	s	1103:0	louse
73-1	c	1	s	s	s	tʰ	tʰ	d	tʰ	s	tʰ	s	tʰ	s	s	s	s	s	1554:0	rub hard with both hands
117-1	c	1	s	kʰ	s	s	s	s	s	s	s	s	s	s	s	s	s	s	2170:0	year
95-1	c	1	r̥	x	ʂ	sʲ	r̥	r̥	x	r̥	r̥	r̥	x	r̥	r̥	r̥	r̥	r̥	1990:0	tooth
321-5	c	5	r	j	r	j	r	r	j	r	r	r	j	r	r	r	r	r	540:1, 1714:1, 34:1, 1127:2, 1213:0	ashes / fat / many / nail / smell
66-1	c	1	r	-	-	-	-	-	-	-	-	-	-	r	r	-	r	-	1256:1	ashes / near
71-1	c	1	r	ɣ	r	ʐ	r	r	ɣ	r	r	r	r	r	r	r	r	r	1529:0	root
166-1	c	1	r	j	r	-	r	r	Ø	r	r	-	Ø	r	r	r	Ø	r	890:1	hunt
6-2	c	2	pʰ	pʰ	pʰ	pʰ	pʰ	pʰ	pʰ	pʰ	pʰ	pʰ	pʰ	pʰ	pʰ	pʰ	pʰ	pʰ	172:0, 664:0	breathe / four
189-2	c	2	p	ʔ	p	ʔ	p	p	ʔ	ʔ	p	p	-	p	p	p	p	p	955:2, 285:3	cut / know
45-1	c	1	p	b	ɓ	b	b	b	b	p	p	b	b	p	p	p	p	p	736:0	grass
85-1	c	1	p	b	b	b	b	b	b	p	p	b	b	p	p	p	p	p	1769:0	spit
165-1	c	1	p	b	b	p	b	p	Ø	p	-	b	Ø	p	p	p	Ø	p	890:0	hunt
231-1	c	1	p	b	Ø	b	Ø	Ø	b	Ø	Ø	ɓ	b	p	p	Ø	p	p	458:0	egg
315-2	c	2	ou	o	o	Ø	o	o	Ø	o	u	o	Ø	ou	ou	o	au	au	339:1, 384:1	dog / ear
19-1	c	1	ou	o	o	o	uː	uː	o	o	o	u	o	ou	ou	ɔ	ou	ou	204:1	burn
33-1	c	1	ou	o	o	o	o	o	o	o	o	o	o	ou	ou	o	ou	o	613:1	flower
40-1	c	1	ou	o	o	o	au	o	o	o	o	ɔ	o	ou	ou	o	ou	ou	702:1	full
129-1	c	1	ou	ɔ	ɔ	o	ɔ	o	o	ɔ	ɔ	ɔ	o	o	ou	o	ou	Ø	503:1	fall, to drop
219-1	c	1	ou	o	o	o	Ø	Ø	o	Ø	o	Ø	aː	ou	ou	Ø	ou	ou	1608:1	scratch
340-2	c	2	o	Ø	Ø	a	a	a	a	ɛː	Ø	a	o	o	o	Ø	o	o	338:1, 386:1	dog / ear
27-1	c	1	o	oː	oː	oː	ɔ	ɔː	o	ɔː	ɔː	ɔː	oː	o	o	ɔː	oː	oː	441:1	eat
30-1	c	1	o	o	o	o	a	a	o	o	o	a	o	o	o	o	o	o	519:1	far
62-1	c	1	o	oi	oi	oi	u	u	oi	u	oi	oː	oi	o	o	u	oː	oi	1193:1	mouth
92-1	c	1	o	oː	o	oː	u	u	oː	u	o	u	o	o	o	u	oː	oː	1940:1	three
121-1	c	1	o	a	oː	a	ɔː	oː	a	ɔː	oː	ɔː	a	o	o	Ø	o	o	1:1	I
138-1	c	1	o	oː	ɔː	ɔː	oː	oː	ɔː	ɔː	ɔː	ɔː	Ø	o	o	ɔː	oː	oː	1055:1	liver
140-1	c	1	o	o	o	o	əː	əː	o	o	o	ə	o	o	o	o	o	Ø	1085:1	long
274-1	c	1	o	a	oː	a	Ø	o	a	Ø	Ø	Ø	a	Ø	Ø	Ø	o	Ø	557:1	fear
16-1	c	1	n̥	n̥	n̥	n̥	n̥	n̥	n̥	n̥	n̥	n̥	n̥	n̥	n̥	n̥	n̥	n̥	123:0	blood
151-10	c	10	n	n	n	n	n	n	n	n	n	n	n	n	n	n	n	n	702:0, 854:2, 871:0, 955:0, 2171:0, 221:3, 825:0, 1021:2, 1469:0, 1024:2	child / full / heart / heavy / horn / know / left side / right side / year
225-3	c	3	n	n	ŋ	n	n	n	n	n	ɗ	ʔ	n	n	n	n	n	n	1914:0, 1499:2, 458:2	egg / road, path / this
256-2	c	2	n	-	r	-	r	r	-	r	r	r	-	n	n	n	n	n	1678:2, 459:3	egg / skin
264-2	c	2	n	j	-	h	r	r	-	r	-	r	-	n	n	r	n	n	630:3, 1609:1	fly / scratch
306-2	c	2	n	n	d	k	ʔ	ʔ	n	ŋ	Ø	ʔ	k	n	n	ŋ	n	n	1175:0, 1664:2	mountain / sit
307-2	c	2	n	n	ɲ	Ø	ɲ	ɲ	Ø	Ø	n	ŋ	Ø	ɲ	n	ʔ	ɲ	ɲ	1805:2, 1257:0	near / star
37-1	c	1	n	m	n	n	n	n	m	n	n	n	n	n	n	n	n	n	664:3	four
77-1	c	1	n	n	ŋ	n	ɲ	ɲ	n	n	ŋ	ŋ	n	ɲ	n	ŋ	ɲ	ɲ	1643:2	sew
116-1	c	1	n	-	r	-	r	r	-	-	r	r	-	n	n	n	n	n	2153:2	wind
144-1	c	1	n	Ø	r	-	-	-	-	-	r	r	-	n	n	n	n	n	1143:4	moon
182-1	c	1	n	-	-	-	Ø	Ø	-	-	ʔ	Ø	-	ʔ	-	-	-	-	1468:0	right side
196-1	c	1	n	-	ŋ	ŋ	Ø	Ø	-	ʔ	Ø	Ø	ŋ	n	n	t	n	n	1175:3	mountain
237-1	c	1	n	n	Ø	n	-	Ø	n	n	Ø	Ø	n	n	n	n	Ø	Ø	1126:3	many
177-1	c	1	m̥	m̥	m̥	Ø	m̥	m̥	Ø	m̥	m̥	m̥	Ø	m̥	m̥	m̥	m̥	m̥	1315:1	night
1-22	c	22	m	m	m	m	m	m	m	m	m	m	m	m	m	m	m	m	68:2, 123:2, 172:2, 441:2, 1193:0, 1211:3, 1282:0, 1348:0, 1832:0, 2050:2, 2171:2, 2203:0, 302:2, 1055:2, 1805:0, 1102:0, 1749:0, 106:2, 461:2, 939:3, 1664:0, 665:0	bird / black / blood / breathe / die / dog / eat / egg / fish / four / kill / liver / louse / moon / mouth / nail / new / nose / sit / snake / star / stone / water / year / you (sg.)
112-1	c	1	m	m	m	m	m	m	d	m	m	m	m̥	m	m	m	m	m	2121:2	what? / who?
317-2	c	2	l̥	l	l	-	-	-	-	l	l	l	-	l̥	Ø	l	l	Ø	1144:1, 1404:0	moon / one
58-1	c	1	l̥	l̥	l̥	l̥	l̥	l̥	l̥	l̥	l̥	l̥	l̥	l̥	l̥	l̥	l̥	l̥	999:0	leaf
224-6	c	6	l	l	l	l	l	l	l	l	l	l	l	l	l	l	l	l	685:1, 2101:1, 1451:1, 891:1, 386:0, 1806:1	ear / fruit / hunt / rain / star / white
263-2	c	2	kʰ	kʰ	kʰ	kʰ	kʰ	kʰ	kʰ	kʰ	kʰ	kʰ	kʰ	kʰ	kʰ	kʰ	kʰ	kʰ	2153:0, 1024:0	left side / right side / wind
65-1	c	1	kʰ	k	k	k	k	k	k	k	k	k	k	kʰ	kʰ	k	kʰ	k	1256:0	ashes / near
199-1	c	1	kʰ	kʰ	kʰ	k	r	Ø	k	kʰ	kʰ	Ø	k	kʰ	p	Ø	kʰ	Ø	1314:0	night
222-5	c	5	k	k	k	k	k	k	k	k	k	k	k	k	k	k	k	k	408:0, 140:0, 559:0, 826:0, 284:0	bone / cut / earth, soil / fear / heart / laugh / new
346-2	c	2	k	Ø	h	-	h	h	Ø	h	Ø	Ø	-	k	Ø	h	k	k	171:2, 892:4	breathe / hunt
14-1	c	1	k	g	g	g	g	g	g	k	k	g	k	k	k	g	k	k	88:0	bite
50-1	c	1	k	k	ʔ	k	ʔ	ʔ	k	k	ʔ	ʔ	k	k	k	k	k	j	755:2	hair
81-1	c	1	k	k	k	k	k	k	k	k	ʔ	ʔ	k	k	k	k	k	k	1729:2	smoke
135-1	c	1	k	k	k	k	k	k	k	kʰ	k	k	Ø	k	k	k	k	k	1054:0	liver
158-1	c	1	k	g	g	g	Ø	Ø	g	k	k	k	g	k	k	k	k	k	1383:0	old-aged
171-1	c	1	k	-	-	-	Ø	Ø	-	-	-	Ø	-	k	k	-	-	-	972:0	laugh
206-1	c	1	k	Ø	k	Ø	g	g	Ø	Ø	k	g	Ø	k	k	k	k	k	285:0	cut
235-1	c	1	k	g	Ø	g	tɕ	Ø	g	r	Ø	Ø	k	k	k	r	Ø	Ø	1126:0	many
273-1	c	1	j̊	Ø	j̊	Ø	Ø	Ø	Ø	j̊	Ø	Ø	Ø	j̊	j̊	j̊	j̊	j̊	384:0	ear
152-4	c	4	j	j	j	j	j	j	j	j	j	-	j	j	j	j	j	j	409:2, 1282:2, 1451:3, 1626:0	earth, soil / new / rain / see
8-2	c	2	j	j	j	j	j	j	j	j	j	j	j	j	j	j	j	j	484:2, 1940:3	eye / three
341-2	c	2	j	dʑ	j	j	j	j	j	Ø	Ø	j	j	Ø	-	Ø	j	Ø	557:0, 520:2	far / fear
106-1	c	1	j	j	-	j	-	-	j	j	-	-	j	j	j	j	j	j	2101:3	white
125-1	c	1	j	dʑ	j	dʑ	j	j	j	j	dʑ	Ø	j	j	j	j	j	j	302:0	die
148-1	c	1	j	j	-	-	-	-	-	-	-	-	-	-	-	-	Ø	j	1423:2	person, human
163-1	c	1	j	n	Ø	-	n	n	-	ŋ	-	Ø	-	-	-	-	j	-	1914:2	this
244-4	c	4	i	iː	i	iː	i	i	iː	i	i	i	iː	i	i	i	iː	iː	68:1, 1211:2, 459:1, 939:1	bird / egg / kill / nail
7-2	c	2	i	o	i	o	i	i	o	i	i	i	o	i	i	i	i	i	366:1, 540:2	drink / fat
67-1	c	1	i	-	-	-	-	-	-	-	-	-	-	i	i	-	i	-	1256:2	ashes / near
72-1	c	1	i	ə	i	ə	i	i	ə	i	i	i	ə	i	i	i	i	i	1529:1	root
76-1	c	1	i	e	i	ə	i	e	ə	i	i	ɨ	ə	i	i	i	i	i	1643:1	sew
79-1	c	1	i	i	i	i	i	iː	i	i	i	i	i	i	i	iː	iː	i	1695:1	sleep
142-1	c	1	i	Ø	i	əː	i	i	əː	i	i	i	əː	i	i	i	i	i	1143:2	moon
2-13	c	13	h	h	h	h	h	h	h	h	h	h	h	h	h	h	h	h	441:0, 719:3, 755:0, 1529:3, 1678:0, 1750:0, 2007:0, 503:2, 972:6, 1468:5, 1530:0, 1000:0, 1713:3	eat / fall, to drop / give / hair / laugh / leaf / right side / root / skin / smell / snake / tree
266-2	c	2	h	t	ʔ	k	ŋ	ŋ	k	h	ʔ	h	h	h	h	h	h	Ø	319:2, 1404:3	dig / one
285-2	c	2	h	h	h	ʔ	ʔ	h	j	h	h	Ø	j	h	h	h	h	h	938:2, 171:0	breathe / kill
34-1	c	1	h	x	h	h	h	h	h	h	h	h	h	h	h	h	h	h	613:2	flower
64-1	c	1	h	kʰ	h	kʰ	h	-	kʰ	h	h	-	k	h	h	h	h	h	1211:1	nail
70-1	c	1	h	h	h	h	h	-	h	h	h	h	h	h	h	h	h	h	1348:3	nose
10-3	c	3	g	k	k	k	k	k	k	g	k	k	k	g	g	g	g	g	593:0, 221:0, 756:0	child / fish / hair
11-2	c	2	g	k	k	k	k	k	k	g	g	k	k	g	g	g	g	g	267:0, 1143:0	cold / moon
53-1	c	1	g	k	g	k	k	k	k	g	k	k	k	g	g	g	g	g	804:0	head
127-1	c	1	g	kʰ	l	l	k	k	l	g	l	k	k	g	g	g	g	Ø	319:0	dig
156-1	c	1	g	k	Ø	d	k	k	k	g	Ø	k	d	g	g	g	g	g	1347:0	nose
175-1	c	1	g	k	k	k	Ø	Ø	k	g	k	Ø	k	g	g	k	g	g	1022:0	left side
180-1	c	1	g	g	k	k	Ø	Ø	k	g	g	Ø	k	g	g	g	g	g	1451:0	rain
345-1	c	1	ei	Ø	Ø	Ø	Ø	Ø	Ø	Ø	u	Ø	Ø	ei	Ø	Ø	ə	Ø	1404:1	one
39-1	c	1	e	ɔː	iː	ɔː	e	e	ɔː	e	iː	eː	ɔː	e	e	eː	e	e	685:2	fruit
96-1	c	1	e	ɔː	i	ɔː	e	e	ɔː	eː	i	eː	ɔ	e	e	e	e	e	2007:1	tree
102-1	c	1	e	ə	iː	ə	ə	i	i	i	i	i	ə	e	e	i	e	e	2068:1	what?
108-1	c	1	e	i	iː	iː	i	i	i	e	iː	e	i	e	e	eː	e	e	2120:1	who?
134-1	c	1	e	ɔː	ə	ɔː	əː	əː	ɔː	eː	ə	ə	ɔː	e	Ø	e	e	eː	647:1	foot
150-1	c	1	e	ɔː	aː	ɔː	eː	eː	ɔː	eː	Ø	eː	ɔ	e	e	eː	eː	eː	1500:1	road, path
9-2	c	2	d	ɗ	ɗ	t	ɗ	ɗ	t	ɗ	ɗ	ɗ	t	d	d	ɗ	d	d	787:0, 1729:0	hand / smoke
18-1	c	1	d	ɗ	ɗ	t	g	g	t	ɗ	ɗ	g	t	d	d	ɗ	d	d	204:0	burn
23-1	c	1	d	tɕ	d	tɕ	ɗ	t	tɕ	ɗ	d	ɗ	tɕ	d	d	ɗ	d	d	366:0	drink
25-1	c	1	d	d	ɗ	t	ɗ	d	t	ɗ	d	ɗ	t	d	d	ɗ	d	d	409:0	earth, soil
91-1	c	1	d	ɗ	d	t	ɗ	ɗ	t	ɗ	ɗ	ɗ	t	d	d	ɗ	d	d	1882:0	tail
93-1	c	1	d	d	ɗ	t	ɗ	ɗ	t	ɗ	d	ɗ	t	d	d	ɗ	d	d	1958:0	tongue
137-1	c	1	d	d	ɗ	t	ɗ	ɗ	t	ɗ	ɗ	ɗ	Ø	d	d	ɗ	d	d	1055:0	liver
218-1	c	1	d	d	d	t	Ø	Ø	t	ɗ	d	Ø	t	d	Ø	d	d	Ø	1284:0	new / person, human
120-5	c	5	c	dʑ	dʑ	dʑ	dʑ	dʑ	dʑ	tɕ	tɕ	dʑ	dʑ	c	c	tɕ	tɕ	tɕ	854:0, 1643:0, 1787:0, 503:0, 106:0	black / fall, to drop / heavy / sew / stand
268-2	c	2	c	dʑ	tɕ	Ø	dʑ	dʑ	dʑ	tɕ	tɕ	tɕ	tɕ	c	c	tɕ	tɕ	tɕ	1240:0, 1452:0	name / rain
133-1	c	1	c	dʑ	dʑ	dʑ	dʑ	dʑ	dʑ	tɕ	tɕ	dʑ	dʑ	c	Ø	tɕ	c	tɕ	647:0	foot
253-2	c	2	b	b	p	p	p	p	p	b	p	p	p	b	b	b	b	b	540:0, 34:0	ashes / fat
320-2	c	2	b	ɓ	b	p	Ø	pʰ	p	pʰ	b	pʰ	b	b	b	pʰ	b	b	1608:0, 828:0	heart / scratch
32-1	c	1	b	b	ɓ	p	ɓ	ɓ	p	ɓ	ɓ	ɓ	p	b	b	b	b	b	613:0	flower
38-1	c	1	b	ɓ	ɓ	p	ɓ	p	p	b	b	ɓ	p	b	b	b	b	b	685:0	fruit
130-1	c	1	b	ɓ	pʰ	p	ɓ	b	p	b	pʰ	p	p	b	b	Ø	b	b	630:0	fly
239-1	c	1	b	b	ɓ	Ø	Ø	Ø	Ø	ɓ	Ø	k	Ø	b	b	b	b	b	1555:0	rub hard with both hands
15-1	c	1	au	a	a	a	a	a	ɔ	a	i	a	ɔ	au	au	a	au	ɔ	88:1	bite
170-1	c	1	au	ɔ	a	ai	Ø	Ø	a	a	a	Ø	a	au	au	ɔ	au	ɔ	938:1	kill
43-1	c	1	ai	ɛ	ɛ	ɛ	ai	ai	ɛ	ɛ	e	ɛ	ɛ	ai	ai	e	ai	a	719:1	give
227-6	c	6	a	-	a	-	a	a	-	a	a	a	-	a	a	a	a	a	366:2, 540:3, 1529:2, 461:1, 939:2, 459:2	drink / egg / fat / kill / root
153-5	c	5	a	aː	aː	aː	aː	aː	aː	aː	ɛː	aː	aː	a	a	aː	aː	aː	123:1, 141:4, 1990:1, 37:1, 1806:2	ashes / blood / bone / star / tooth
265-4	c	4	a	a	a	a	a	a	a	a	ə	a	a	a	a	a	a	a	1256:3, 1471:1, 1021:3, 1469:1	ashes / left side / near / right side / this
3-3	c	3	a	aː	aː	aː	aː	aː	aː	ɛː	ɛː	aː	aː	a	a	aː	ɛa	aː	593:1, 999:1, 1882:1	fish / leaf / tail
245-3	c	3	a	a	a	a	-	Ø	a	a	a	a	a	a	a	a	a	a	140:1, 972:4, 1127:3	bone / laugh / many
205-2	c	2	a	a	ə	a	a	a	a	a	i	a	a	a	a	a	a	a	1849:1, 383:1	ear / sun / who?
242-2	c	2	a	a	a	a	a	ə	a	a	ə	ə	a	a	a	a	a	a	408:1, 1102:1	earth, soil / louse
243-2	c	2	a	a	a	a	a	a	a	a	ə	a	a	a	a	a	a	ə	1881:1, 1749:1	bird / dog / fish / moon / snake / tail
286-2	c	2	a	-	-	-	-	Ø	-	-	-	-	-	a	a	-	-	-	972:1, 558:2	fear / laugh
302-2	c	2	a	e	ɔ	ɛ	ɔ	o	ə	ɔ	ɔ	ɔ	ə	a	a	ɔ	a	a	1468:3, 1664:1	right side / sit
305-2	c	2	a	e	a	Ø	ə	a	Ø	a	a	ə	Ø	a	a	a	a	a	559:1, 284:1	cut / fear / new
319-2	c	2	a	a	ə	ɔ	a	ə	ɔ	Ø	ə	a	a	a	a	Ø	a	a	1804:1, 1662:1	sit / star
26-1	c	1	a	aː	aː	aː	e	ɛ	aː	aː	a	ɛː	aː	a	a	aː	aː	ɛː	409:1	earth, soil
28-1	c	1	a	aː	aː	aː	aː	aː	aː	aː	aː	aː	aː	a	a	aː	aː	aː	484:1	eye
36-1	c	1	a	-	-	-	-	-	-	-	-	-	-	a	a	a	-	a	664:2	four
54-1	c	1	a	ɔː	ɔː	ɔ	a	a	ɔː	ɔ	a	a	a	ă	ă	a	a	a	854:1	heavy
69-1	c	1	a	a	a	aː	e	e	aː	aː	a	ɛː	aː	a	a	aː	aː	aː	1282:1	new
74-1	c	1	a	ə	ə	u	u	u	u	a	u	a	u	a	a	a	a	a	1554:1	rub hard with both hands
87-1	c	1	a	aː	aː	aː	oː	oː	aː	aː	ɛː	oː	aː	a	a	aː	aː	aː	1832:1	stone
99-1	c	1	a	eː	aː	ɛː	aː	a	ɛː	ɛː	ɛː	a	aː	a	a	aː	aː	aː	2032:1	two
113-1	c	1	a	u	u	o	ə	ɔ	ə	u	u	ə	əː	a	a	u	a	a	2121:3	what? / who?
118-1	c	1	a	a	a	a	ə	a	a	a	ə	a	a	a	a	a	a	a	2170:1	year
136-1	c	1	a	a	a	a	a	a	a	a	ə	ə	Ø	a	a	a	a	a	1054:1	liver
143-1	c	1	a	Ø	a	-	a	a	-	aː	a	əː	-	a	a	a	a	a	1143:3	moon
181-1	c	1	a	aː	a	aː	Ø	Ø	aː	aː	aː	Ø	aː	a	a	aː	aː	aː	1451:2	rain
183-1	c	1	a	-	-	-	Ø	Ø	-	-	a	Ø	-	a	-	-	-	-	1468:1	right side
228-3	c	3	-	-	j	-	-	r̥	-	-	j	-	-	-	-	-	-	-	1348:2, 1468:4, 1713:2	nose / right side / smell
249-3	c	3	-	-	-	-	-	-	-	a	-	-	-	-	-	a	-	-	1193:2, 1126:2, 1609:4	many / mouth / scratch
269-3	c	3	-	j	-	j	j	j	j	j	-	-	j	-	-	-	j	j	685:3, 1530:2, 1000:2	fruit / leaf / root
270-3	c	3	-	-	-	-	a	a	-	a	-	a	-	-	-	a	-	-	1940:2, 891:3, 1021:1	hunt / left side / three
335-3	c	3	-	p	-	-	ŋ	Ø	-	p	p	Ø	-	-	-	p	Ø	p	1806:0, 891:4, 284:2	cut / hunt / star
349-3	c	3	-	-	Ø	m	p	p	m	Ø	Ø	-	m	Ø	Ø	m	Ø	-	1316:2, 1021:4, 1469:2	left side / night / right side
155-2	c	2	-	-	-	-	-	-	-	-	-	r	-	-	-	-	-	-	1054:2, 1403:2	liver / one
187-2	c	2	-	-	-	-	-	-	-	-	a	-	-	-	-	-	-	-	88:2, 285:2	bite / cut
188-2	c	2	-	-	-	-	n	n	-	-	-	-	-	-	-	-	-	-	141:2, 383:2	bone / ear / who?
204-2	c	2	-	-	-	-	a	Ø	-	-	-	a	-	-	-	-	-	-	221:2, 1555:2	child / rub hard with both hands
229-2	c	2	-	j	j	j	-	-	j	j	j	-	j	-	-	j	-	-	2203:2, 1712:2	smell / you (sg.)
246-2	c	2	-	-	-	-	k	k	-	-	-	-	-	-	-	-	-	-	141:0, 1021:0	bone / left side
250-2	c	2	-	-	-	-	ə	a	-	-	-	-	-	-	-	-	-	-	141:1, 1127:1	bone / many
258-2	c	2	-	-	-	-	-	-	-	ɯ	ɯ	ɯ	-	-	-	ɯ	ɯ	ɯ	1315:4, 1626:3	night / see
262-2	c	2	-	-	-	-	-	-	-	-	-	-	-	-	-	a	-	-	267:2, 1257:1	cold / near
267-2	c	2	-	w	-	-	-	-	w	-	-	-	w	-	-	-	w	w	1:3, 1627:2	I / see
304-2	c	2	-	w	-	w	Ø	w	w	Ø	Ø	Ø	w	-	-	Ø	w	w	338:2, 557:2	dog / fear
314-2	c	2	-	Ø	-	w	-	Ø	w	ŋ	Ø	Ø	w	-	-	ŋ	-	-	1626:2, 1806:3	see / star
342-2	c	2	-	Ø	Ø	Ø	Ø	Ø	Ø	Ø	-	Ø	Ø	-	-	Ø	i	Ø	1404:2, 1661:2	one / sit
24-1	c	1	-	-	-	-	-	n	-	-	-	-	-	-	-	-	-	-	408:2	earth, soil
44-1	c	1	-	-	-	-	-	-	-	-	-	-	-	-	-	-	-	j	719:2	give
46-1	c	1	-	j	r	-	r	-	-	r	r	-	-	-	-	r	-	-	736:1	grass
52-1	c	1	-	j	j	j	-	-	j	j	j	-	ʔ	-	-	j	-	-	787:2	hand
61-1	c	1	-	j	j	j	j	-	j	j	-	-	ʔ	-	-	j	-	-	1103:2	louse
63-1	c	1	-	-	-	-	n	n	-	-	-	n	-	-	-	-	-	-	1211:0	nail
75-1	c	1	-	-	-	-	-	-	-	-	ʔ	-	-	-	-	-	-	-	1554:2	rub hard with both hands
82-1	c	1	-	j	r	j	l	r	j	-	l	r	ʔ	-	-	-	-	-	1730:2	fire / smoke
90-1	c	1	-	j	j	j	-	-	j	j	j	-	j	-	-	j	j	-	1850:2	sun
97-1	c	1	-	j	-	j	j	j	j	-	-	-	j	-	-	j	j	j	2007:2	tree
100-1	c	1	-	-	-	-	-	r	-	-	-	r	-	-	-	-	-	-	2032:2	two
103-1	c	1	-	-	n	-	n	-	-	-	-	n	n	-	-	-	j	j	2068:2	what?
104-1	c	1	-	-	b	-	p	b	-	-	p	b	-	-	-	-	-	-	2101:0	white
107-1	c	1	-	h	ʔ	-	ʔ	ʔ	-	-	ʔ	ʔ	-	-	-	-	-	-	2101:4	white
109-1	c	1	-	-	n	-	-	-	-	j	-	-	-	-	-	-	j	j	2120:2	who?
110-1	c	1	-	-	-	-	-	-	-	-	n	-	-	-	-	-	-	-	2121:0	what? / who?
111-1	c	1	-	-	-	-	-	-	-	-	ə	-	-	-	-	-	-	-	2121:1	what? / who?
114-1	c	1	-	h	h	h	h	h	h	h	h	-	-	-	-	h	-	-	2121:4	what? / who?
122-1	c	1	-	-	-	u	-	-	-	-	-	-	-	-	-	Ø	-	-	1:2	I
131-1	c	1	-	-	r	-	-	-	-	-	r	-	-	-	-	Ø	-	-	630:1	fly
141-1	c	1	-	Ø	-	j	-	-	j	-	-	-	j	-	-	-	-	-	1143:1	moon
168-1	c	1	-	-	-	-	-	-	Ø	-	-	a	Ø	-	-	-	Ø	-	890:3	hunt
169-1	c	1	-	j	j	-	j	-	Ø	j	ŋ	m	Ø	-	-	j	Ø	-	890:4	hunt
173-1	c	1	-	-	-	-	Ø	Ø	-	-	i	Ø	-	-	-	-	-	-	972:3	laugh
174-1	c	1	-	-	j	-	Ø	Ø	-	-	-	Ø	-	-	-	-	-	-	972:5	laugh
179-1	c	1	-	w	-	Ø	-	-	Ø	-	-	-	Ø	-	-	-	-	-	1315:3	night
193-1	c	1	-	Ø	-	Ø	n	r	Ø	-	-	n	Ø	-	-	-	-	-	559:2	fear / new
195-1	c	1	-	-	a	-	Ø	Ø	-	-	Ø	Ø	-	-	-	-	-	-	1175:2	mountain
201-1	c	1	-	-	-	-	n	Ø	-	-	w	Ø	-	-	-	Ø	-	Ø	1314:2	night
202-1	c	1	-	-	d	-	Ø	Ø	-	-	Ø	Ø	-	-	-	-	-	-	1499:0	road, path
203-1	c	1	-	-	e	-	Ø	Ø	-	-	Ø	Ø	-	-	-	-	-	-	1499:1	road, path
238-1	c	1	-	-	Ø	-	ɯ	Ø	-	-	Ø	Ø	-	-	-	-	Ø	Ø	1126:4	many
295-1	c	1	-	Ø	Ø	Ø	Ø	Ø	n	Ø	Ø	Ø	n	-	-	Ø	-	-	920:0	intestines
176-1	+	1	-	-	-	Ø	-	-	Ø	-	+	-	Ø	-	-	-	-	-	1315:0	night
